,Vehicle_ID,Vehicle_Type,Manufacturing_Cost,Advertising_Cost,Funding_Source,Budget_Allocation,Employee_ID,Employee_Role,Employee_Salary,Issue_Type,Issue_Description,Market_Demand,Customer_Feedback_Rating,Customer_Feedback_Comments,Production_Date,Sales_Forecast
0,591f9e91-0ac3-48d5-b58e-cbcba54ef979,Two-wheeler,10789.0,6730.9,Venture Capital,82880.51,18cc4c42-6861-4486-8f43-99e967bdebb0,Engineer,85961.72,Financial,Suddenly true environmental main name most.,4792,4.0,Follow most position home interesting such.,2022-05-29,174
1,fa134425-7cc5-4b25-a1f8-2c6762c2fd5a,Four-wheeler,19298.76,7281.1,Angel Investor,79695.11,eecfd22f-b726-47df-96f7-b7432922f03d,Designer,47717.56,Financial,Always employee also establish.,3959,4.0,Card sister card laugh.,2020-01-05,685
2,ac72b5bb-d7c8-42d8-8313-8ca9c65d0da2,Two-wheeler,15816.86,6591.4,Crowdfunding,97475.36,9e9eaa30-a5de-49c7-8082-72d07b1ee314,Engineer,94179.6,Financial,Lose pay least rest wide.,1486,2.6,Sell develop wait group than.,2021-10-13,625
3,e3f9dcb3-e986-4837-a371-846338f48927,Four-wheeler,7132.6,5026.43,Venture Capital,97479.75,3290e69c-e578-4c63-9f3a-2582539bd7cf,Engineer,76096.81,Financial,Animal with eight than off take address.,2543,5.0,Financial animal finish somebody beautiful.,2020-11-10,651
4,7e47e1a2-62b0-4114-bf63-0bce29daf4af,Four-wheeler,10940.95,7387.27,Venture Capital,82745.66,a0a1479f-e2cb-4193-9efc-2ac3f3a903c8,Designer,58139.22,Technical,Daughter yard wait worker understand goal mean.,4439,5.0,City just trip sit actually.,2022-07-27,760
5,c95ce5aa-d381-44fb-a1b3-200ca20bc005,Four-wheeler,11591.07,8374.78,Venture Capital,121809.84,58866bfd-7d60-4108-98bb-7ae89a47e285,Engineer,70394.74,Operational,Give back note religious star drop.,817,1.8,Draw finish room someone shake attack common.,2023-07-25,347
6,1a3ceb44-d19b-43f6-a4c6-f827718e44b3,Two-wheeler,9530.21,1219.8,Angel Investor,88763.74,2966e9ae-7154-4af6-aec3-f9447bd9ac77,Designer,44408.55,Financial,Discover however study himself better.,3220,1.7,Safe happy need news onto laugh perform.,2021-10-14,900
7,5616ba10-73b5-4f37-b37a-cd626d7e26aa,Two-wheeler,11086.71,4765.82,Angel Investor,66247.83,b13f51bd-b132-4c7a-b266-f1cda91a9a73,Technician,32176.46,Financial,Significant him anyone firm all represent painting.,732,1.6,Yourself front yes owner.,2023-04-13,220
8,fc87256a-4b3a-4061-8131-828fa7d44fad,Two-wheeler,12713.34,5716.49,Venture Capital,184721.27,6d41560c-a815-4a00-b403-ae8e8df5d5fc,Technician,33427.64,Financial,Other source apply.,4635,4.7,Best thousand where together lay day.,2021-10-01,166
9,11ad248e-e11f-4477-82e0-1e06c84eed3e,Four-wheeler,9494.89,8446.65,Angel Investor,168779.99,7fc6f34c-9dc7-421c-b5ce-badadf9e24d6,Engineer,57090.4,Operational,There card thus main.,2605,1.8,Order bring half senior.,2020-03-12,839
10,b065de5d-b70b-496a-b363-d68440138dd6,Four-wheeler,11097.57,7487.25,Angel Investor,103093.61,624eb58d-3377-4b66-9cd3-a5c716adaa95,Designer,62525.01,Technical,Provide beyond exactly very show well project.,2375,1.3,Dinner run explain because.,2024-08-18,185
11,67679916-3ee5-4f02-a550-b3d3c97a7300,Four-wheeler,13149.13,6513.22,Angel Investor,73004.65,e91233b8-bb86-4e1b-8310-867ccbf599d8,Designer,97562.89,Technical,Must series religious room card seek among.,2332,4.8,Past without dinner several themselves huge.,2022-09-18,266
12,aad06d0c-978a-4785-87ae-9404d7e60c5b,Two-wheeler,15857.51,8575.88,Venture Capital,114146.63,279d1182-73d0-42c2-8eab-24626db40702,Marketer,38164.78,Financial,Parent step direction hair baby.,2968,3.9,Section agency blue technology cause ahead statement.,2021-08-02,806
13,4c293934-1bc6-4c12-9cad-643ebaeba7e6,Two-wheeler,16882.99,7615.24,Venture Capital,82506.63,5dd7ba09-a7ee-45a7-a041-22728cc92768,Designer,86940.65,Operational,Choice reality easy it work write.,2783,1.5,Item general generation not statement middle.,2024-02-24,785
14,92f0cae8-de15-493f-9409-f038f241ec87,Two-wheeler,5770.99,5011.36,Crowdfunding,160676.95,cc360d4a-27d9-4b97-914e-e50a8f266d60,Engineer,86228.51,Operational,Blue democratic open traditional.,4862,1.8,Simple already nor newspaper history.,2024-10-22,208
15,56e798d3-80f7-4cd1-8f30-d12436fc8ffd,Four-wheeler,12030.34,6395.41,Venture Capital,145148.57,b3049322-28e4-498e-8011-4870ef080e6a,Technician,30064.96,Operational,Performance laugh movie air technology whether.,1476,2.7,On drive of writer general such.,2022-03-30,656
16,587da85c-4358-4fb7-98c9-705d215dc6a3,Four-wheeler,17146.01,6744.36,Angel Investor,109883.42,e114d7cc-0049-4db8-a5cc-726560f15e4a,Engineer,30804.45,Technical,Your country kind summer create former.,1982,4.2,Red few half under.,2020-06-05,560
17,a73ba3a2-6b64-4f45-9e5e-f762526f6062,Four-wheeler,15443.29,5275.42,Angel Investor,131461.75,6cebaac1-8ae3-4bcd-9018-f17738cf4a32,Designer,54281.07,Technical,Hair stop at range a.,1028,1.2,Customer art fall reveal season sign cold.,2020-10-30,875
18,75d127cb-7362-414c-acee-7785a256ea98,Four-wheeler,14244.81,3652.24,Angel Investor,115483.15,e9fefe0d-439a-4a36-ab33-1900e62f68d0,Engineer,82924.57,Operational,Light money call.,3989,3.5,East among turn simple.,2022-03-08,922
19,a9bec0a1-de15-44cc-9628-c280cf631662,Two-wheeler,14850.02,3900.49,Crowdfunding,87188.77,1b6b6491-933e-44be-bf87-d1a760b5bdaa,Marketer,49735.03,Operational,Camera remain specific once box.,3324,4.0,Bring each case support war nature.,2022-05-18,963
20,b3e96fa6-1388-4363-9cb9-a042025e7c7b,Two-wheeler,8307.29,6409.99,Angel Investor,56474.21,1a7eb7c7-eee3-42e6-b836-530399697ae1,Technician,39961.4,Financial,Right quickly man support whose boy.,3453,3.5,Agree war situation natural quickly.,2022-12-04,312
21,a4fd7469-4412-42d7-ae5f-c4bcd90a678a,Two-wheeler,9962.69,9092.19,Venture Capital,155266.66,207091cc-9c6e-4c55-aea6-e45e92f1b8d1,Marketer,85453.07,Technical,Fact argue idea parent.,2691,1.4,Power wish get each design likely.,2024-12-08,311
22,33048602-157b-40ca-99ac-66f48d15a58c,Two-wheeler,11552.37,8027.49,Angel Investor,75686.66,e7acdcd3-62b8-4f81-9e32-6e56949edd11,Engineer,44130.0,Financial,Spend change strong.,1115,1.3,Vote smile onto city.,2021-09-22,202
23,bd8dc25c-4e22-4a75-807f-8dd071b3f2cd,Two-wheeler,18678.39,3849.82,Angel Investor,194317.42,e6b041e7-a17d-4580-b329-c55dad336766,Designer,93585.66,Financial,Culture eight actually design talk officer.,4814,1.2,Market leader former same yourself together simply.,2024-01-13,435
24,e0e26d11-961e-4b50-ac1f-4b92ae15c53f,Four-wheeler,13971.18,9629.21,Angel Investor,107118.53,23c83407-f0d2-4a25-8565-049b31ff0d00,Technician,44725.76,Financial,Sometimes perform technology recent street window create.,630,4.8,Congress security standard main win ten whom.,2024-02-24,196
25,2350f537-fc2a-49b7-b3ec-380cd2a69db9,Four-wheeler,9794.7,1466.35,Venture Capital,148975.88,15e793ea-03d6-41e8-b02b-0e30bac388d2,Engineer,71237.41,Financial,Traditional moment and traditional pull door.,4174,4.7,Culture center class matter specific continue kid.,2023-07-02,481
26,4b089eb2-d2b5-42c8-85b7-09afdd2fcc64,Two-wheeler,19636.73,4894.88,Crowdfunding,106992.33,ef134220-7644-4f2e-ac36-71d19cacaf7d,Engineer,51630.35,Operational,Treat live will a consumer administration truth.,4223,2.1,Important court character view might street.,2024-10-28,130
27,462e9814-119d-41cf-a3f3-d195845bd395,Two-wheeler,18584.02,3907.34,Crowdfunding,106858.13,60edf243-cf8a-489b-b0e0-8ed642c028a0,Engineer,57239.98,Technical,Theory travel its wall crime front special.,4849,3.0,Section question social total arrive wrong sit.,2022-03-14,292
28,ce9466ff-560a-486c-9498-e64b30f0db61,Two-wheeler,7447.38,1964.14,Crowdfunding,140870.42,37206057-f1cd-4fab-9c57-709c24764ded,Technician,90077.71,Technical,Seem almost attention sing.,3384,1.7,Man mean small brother often away.,2024-04-09,776
29,a1737766-5930-4b7f-8f2b-2a931c2c42e8,Two-wheeler,18926.09,1949.99,Venture Capital,119771.44,ba7372e9-26da-4f80-ab96-87037adafbc6,Engineer,81411.15,Financial,Inside none pattern gun senior their face.,3233,2.9,Kind bank tell once box care writer.,2020-05-31,552
30,e3cb933a-1699-489c-92d7-cd259e51eadd,Two-wheeler,15419.79,5680.79,Crowdfunding,183182.8,a5ea2583-dba3-4a56-b689-f405aaa43f13,Engineer,45343.54,Technical,Per class stay you car history whole.,595,4.8,Out professional reveal protect again again official.,2024-08-26,966
31,1c832ce3-2a90-4abf-9872-bdfcc76adc9e,Two-wheeler,18719.36,3255.63,Venture Capital,134463.6,7b371d74-fb07-487b-989b-7a0bf5822409,Engineer,55094.13,Technical,Difference girl floor animal area avoid explain.,3628,3.4,Not produce defense decision.,2021-07-11,307
32,cbb0ed57-689d-4574-9d61-573e0f747797,Four-wheeler,14922.26,6295.7,Crowdfunding,75915.68,67f1d84f-a0ac-46ed-ade8-a4a0317bf08f,Engineer,77967.33,Operational,Bring within also drive something as.,971,4.1,Sister health here eye.,2021-04-17,928
33,bebb4f00-f107-484f-80db-8f833d14d8eb,Four-wheeler,12192.0,3304.02,Crowdfunding,185765.53,4488ca26-81e6-4b51-b356-5814066b86a1,Technician,98826.99,Operational,Prepare population paper evidence relationship adult item.,3209,4.2,Music court spend manager north respond sound.,2021-02-23,305
34,b07f118f-526a-449b-ae62-63ec04988eb4,Two-wheeler,7729.74,7928.03,Venture Capital,98028.3,a3e12bc6-aab1-4f85-911e-4adc04322a23,Designer,36288.89,Technical,Quite less successful red this myself focus.,3741,2.6,Rich computer today coach partner.,2020-09-04,555
35,e44fba93-6e45-4896-b59c-2fd102de17c6,Four-wheeler,8326.42,4366.81,Crowdfunding,80073.41,be50f0cb-4b12-4d66-a355-797c856308da,Engineer,58745.13,Financial,Impact consumer down raise official.,4431,1.4,Dark great entire candidate card rule.,2024-08-02,509
36,5b61aaf4-dc30-4f78-8057-ab0879608519,Two-wheeler,19657.03,8121.91,Venture Capital,173265.19,e9be1042-ac05-470a-ad78-c924934a7a98,Technician,76921.03,Financial,Several president face indicate.,1316,4.5,Away get item firm let than some civil.,2024-12-19,284
37,338f1d64-9db3-407c-8bb2-f7e578847f90,Four-wheeler,12994.6,1695.83,Angel Investor,52582.82,f3b9fc14-8ce6-423c-813c-e39759a65254,Marketer,45262.14,Financial,Most may night hard.,1951,1.8,Answer small stay Mr realize.,2022-09-12,346
38,367aca64-34e1-4848-ba63-7c39c8aa79e0,Four-wheeler,18018.79,2565.78,Venture Capital,128018.95,fb09831d-55fd-4817-81cc-0e809041c612,Marketer,97084.55,Technical,Old it month teacher compare.,2977,4.1,Within body campaign save.,2022-06-24,383
39,12b73d84-26f2-432f-a36a-e5f8b1c5ca9e,Four-wheeler,19936.38,8636.02,Angel Investor,118254.75,2913d438-7904-4e96-b057-f03ad6548720,Technician,85095.25,Financial,We true cultural apply across between.,3936,3.4,Modern present Democrat.,2023-08-25,307
40,f4064b4f-acc1-468e-a8fc-b5b37a43feae,Four-wheeler,7135.49,9008.84,Angel Investor,103463.93,d7719b3e-887d-4fe3-b9a8-b55da233a56d,Designer,49560.72,Financial,Improve difficult structure paper.,4880,1.4,Head citizen ask way economy ok approach music.,2025-01-22,752
41,f066765c-c49f-4e7c-b4e3-f945c53b0225,Four-wheeler,13507.97,6397.71,Venture Capital,51178.02,b181ac59-f899-43bd-87e4-e3644c2d102f,Marketer,76817.55,Financial,Perhaps entire indicate.,2754,4.4,Indicate anyone race why author out.,2022-07-17,310
42,0f8821a5-0ffb-4c5e-b544-474a6ac98e11,Two-wheeler,10822.46,5925.3,Venture Capital,139439.88,2da388ef-be18-429c-839a-61ce49737b9d,Engineer,74731.74,Technical,Radio eye for listen citizen look data wall.,3746,2.2,Democratic per accept system gun build.,2022-05-31,701
43,0f2401bc-7104-4c8a-ac7e-cac4ddc4d234,Two-wheeler,9038.97,1125.95,Angel Investor,163208.16,3fa00569-c8c4-41dd-adc0-6e39eb1d69a5,Technician,83312.41,Financial,Same style probably seat.,2454,4.5,Natural my base action answer.,2024-07-11,537
44,b0fa55a0-aa46-4d0f-b241-9c319515b482,Two-wheeler,19828.82,9590.47,Venture Capital,56026.72,46ca1cd1-bef6-48eb-a352-13fa6ca9fad7,Technician,73077.88,Financial,Media Mr voice any.,2660,2.5,Including customer both do.,2020-09-04,637
45,f1004b1c-a96c-4336-be39-9b1abfe28d0e,Four-wheeler,10541.4,1960.71,Crowdfunding,184636.71,21ec4bc0-5c33-4c21-a158-3f637070fb18,Technician,31746.97,Financial,Final region wall.,3001,2.6,Everything room use computer understand chair.,2022-05-31,893
46,9f44f8cd-d484-4111-b627-e63b713d8dcf,Four-wheeler,6213.67,5108.65,Angel Investor,73172.64,97a64ae3-23ea-4f3d-8d8f-fc96037eae60,Engineer,74968.89,Financial,Hundred today general mouth food data.,2954,4.1,Know card since image follow there.,2024-10-15,303
47,1c5b686b-5897-4a9e-857e-544f5acee7b5,Four-wheeler,12047.83,2140.91,Crowdfunding,82600.78,cb6ddbc3-82c6-4907-841a-19e14c4abd4d,Technician,35490.4,Operational,Recently century purpose rate activity.,1558,4.2,Skin little himself military sign town.,2022-05-17,328
48,700e6bb4-e87d-4620-bf81-165bab984b97,Two-wheeler,11058.5,5749.19,Crowdfunding,186720.69,99b41f35-7248-41b8-baf6-c9030b469ca7,Designer,51487.03,Operational,Writer dinner far interest including.,4167,4.0,Wife take history may law only growth.,2023-09-12,579
49,afc51324-b92d-4fd2-a8a2-06eebed52eec,Two-wheeler,19857.38,8244.71,Angel Investor,194572.83,738459f9-93e4-40f4-af8a-9760c0a36fab,Technician,61883.92,Financial,Worry wait attack goal television specific property.,559,4.6,Thus carry election.,2024-09-24,609
50,356052fc-5a1c-4150-80fe-6c4a49d02eee,Two-wheeler,15903.44,3849.11,Venture Capital,59697.22,0e273561-2147-4069-9d42-5f5d07a75c84,Designer,42454.54,Financial,Congress about water western.,1196,4.9,Laugh be matter teacher teacher.,2021-01-18,118
51,1a6fe9f3-7cb2-44d4-9ab4-f50049938b39,Four-wheeler,9575.37,9977.61,Crowdfunding,153371.29,685326b5-ff24-401a-91d7-3cedf567c112,Marketer,34335.74,Technical,Tell must theory thousand four describe.,1783,2.1,For speak star listen guy finally adult.,2020-11-30,491
52,ee37fa32-1416-4f8e-b79a-d69d2029b0c7,Two-wheeler,9532.28,3667.75,Venture Capital,111390.71,3e78138f-9f2d-4a80-90c2-fd6a45e2daa5,Designer,59732.46,Financial,Our Mr party maintain Congress similar interest.,4655,2.9,Visit good will eat professor civil current.,2024-01-09,357
53,22e0eb37-38d3-48af-995a-859d87ab94a5,Four-wheeler,10824.22,5597.41,Venture Capital,111119.12,046cc038-dda4-4a04-a531-5c8a4085b5b0,Technician,49242.62,Operational,Worker left we.,1905,3.0,Others home five while.,2022-01-20,987
54,76ec024b-927a-4e87-acab-668f9ad1f750,Four-wheeler,7250.11,8295.96,Venture Capital,125003.37,5454e892-3307-4b1f-9dac-fcdd151beff9,Designer,84757.77,Operational,Civil front believe candidate great blue.,1121,4.2,Value most information personal most must nearly specific.,2021-08-02,792
55,10d5c969-a837-4357-9b49-2988f5e88386,Four-wheeler,13946.77,5835.22,Crowdfunding,192055.53,69e3d158-9d38-41d1-b2fe-78c872acdf69,Technician,78173.66,Technical,Party others week simple available.,3642,1.6,Stage offer learn.,2021-01-14,209
56,476d8f2e-2b99-4ed9-b26c-82fd931ba3b1,Two-wheeler,8931.56,5717.23,Venture Capital,116058.37,c59aecf2-c06c-4c76-8784-d1c975a5aaee,Technician,62917.63,Operational,Though art after how go.,2608,1.7,Room soon as threat bar research.,2021-01-13,375
57,58f4ba5f-1d03-4dcb-9a1f-be0688137ed4,Two-wheeler,7020.92,3900.21,Crowdfunding,136184.17,af5a6cfd-674c-4737-9d8a-683882a2fb81,Marketer,45826.7,Technical,Television occur fact value manager.,2417,4.2,Girl charge tend bit open room.,2024-12-19,525
58,381572ed-9c05-4439-b74f-9210837f7884,Two-wheeler,5395.83,8625.74,Venture Capital,116084.02,1d663986-6f11-4ff0-9b02-fc2c2ca0fb8d,Marketer,91760.59,Technical,Course cell section well sign president.,2761,3.5,Month indicate value eight sit reflect interview through.,2023-11-22,339
59,edf77ca2-5278-48fe-8b82-5122aaf10023,Four-wheeler,9475.63,3118.89,Crowdfunding,97058.73,f1e62a4e-b992-4335-877a-07f2c92fb710,Designer,82605.38,Financial,Father simple single pass.,3536,3.3,People population idea blood suffer goal.,2020-11-07,814
60,aea75724-10c9-48b7-ae0c-71e86dd7f7ee,Two-wheeler,17916.04,7361.78,Crowdfunding,83216.11,1bc62879-ff47-4758-ac35-8f5c0219dc98,Engineer,31785.31,Operational,Few adult maybe administration guy.,1058,3.3,Page visit mention make opportunity.,2024-03-09,324
61,a3942fde-c5c0-44a9-bced-ab92e73783c8,Two-wheeler,9373.67,6595.44,Angel Investor,185272.78,989cdc02-1478-419d-8e67-f8a397b78753,Engineer,96844.04,Operational,Day author pick first instead particularly media.,2961,2.8,Thus dinner family finish season perhaps.,2021-01-16,747
62,a2d3c0e1-241b-49de-9b3d-1fe7d3aa7562,Four-wheeler,10935.9,2649.36,Venture Capital,157011.73,f1bf119b-32ec-4564-8616-38cc1f84065a,Designer,31520.0,Operational,Deep western clear top city.,4090,2.4,Within institution high western participant.,2022-12-18,477
63,c81c1068-cb96-4aeb-a131-84ebf7788bda,Four-wheeler,8136.89,9184.56,Angel Investor,142347.8,42443be4-f0c9-4896-bf57-25a9c80ebc09,Marketer,41580.56,Technical,Record however power six why month agreement Mrs.,973,4.5,Week bed assume idea.,2024-02-20,940
64,e3687be7-f6de-4485-9b80-b3154f76113b,Two-wheeler,9132.94,5228.2,Crowdfunding,118762.86,20b748a1-de49-4bbe-9741-65d9a9075277,Designer,44383.02,Operational,Available although behavior yourself others agent.,1381,4.7,By beat against step Congress black.,2021-01-21,908
65,3d61a5f9-fac8-49b5-8809-991ca421c811,Four-wheeler,18297.46,3898.09,Angel Investor,111788.01,d945c0eb-d822-4a0d-a411-bf3f29e2a8cd,Marketer,54920.75,Technical,Risk to similar ready.,1878,4.1,Without sell meet read.,2023-01-02,315
66,b5e02e24-ca22-4584-b630-c5ad993226c1,Two-wheeler,12383.14,2024.07,Venture Capital,61154.27,84155e00-2f89-4926-8400-9d2865a4c2a6,Designer,76403.36,Financial,Successful vote last affect war ability policy.,4388,4.5,Mind protect officer new before growth enter among.,2021-09-10,696
67,07e63477-1e0b-45a1-b370-9d050d7f3e50,Two-wheeler,13466.66,3636.21,Venture Capital,132049.68,5774f9ba-fa13-41f5-9ba0-587ee3bcc353,Designer,36324.29,Technical,Order decision series whose.,3634,3.0,Miss ago job economy boy plant career.,2020-08-17,480
68,04363104-53bb-4107-b217-f072a4c546ca,Four-wheeler,19298.18,2893.98,Venture Capital,190679.27,b79c8306-e2e2-4974-a818-a247a5d0a657,Engineer,78920.37,Financial,Mean early than kid audience.,1214,4.0,Spend open end smile.,2025-01-13,111
69,47fb2cda-0469-41d1-afda-b70a9fb68439,Four-wheeler,18219.73,7803.85,Venture Capital,155887.35,5e202777-910e-4933-aec6-8aaabaa8acdb,Designer,80700.39,Technical,Administration somebody raise nor man.,4584,2.1,Member per ok travel couple degree.,2023-02-05,171
70,26eeaa01-9a90-4fd1-a6db-7be7786c9fba,Four-wheeler,12134.22,8631.65,Crowdfunding,158984.45,f2470120-42b7-4719-8123-e8bedaf67ed9,Designer,59287.95,Technical,Former law source now.,3113,1.2,Crime mind blue work live major market decade.,2024-06-17,755
71,4e1c7a8e-a0f8-4dd6-8c33-8e8856563668,Four-wheeler,15202.06,6331.35,Venture Capital,80482.15,954855b9-48fb-46f2-b124-d3c746932e82,Technician,55126.53,Financial,Ok hotel movie particular value adult.,997,3.8,Area public debate century civil sense.,2020-03-20,771
72,f80fb611-aab7-4286-8950-e5467024908e,Four-wheeler,6365.76,8313.91,Angel Investor,67965.62,06e90bec-0ecb-45ab-9c81-a174c7f79265,Engineer,95081.16,Operational,West door suffer begin candidate chair reduce hair.,1542,4.6,By land Mr attention pick door result.,2021-12-15,310
73,836525ce-ea6e-4023-9373-b4b1bde620be,Four-wheeler,17037.23,8508.66,Angel Investor,91441.85,ccedac0b-8f0c-4596-b1c4-6fb95c76994f,Designer,97522.04,Technical,Executive born affect serve reach expect meeting.,568,1.1,Line ask talk various heart care water.,2021-07-29,362
74,953e4f60-a8fe-467f-8245-a776ca79df24,Four-wheeler,5296.54,7422.49,Angel Investor,164343.15,dbbc51e9-f253-47c8-98b1-f0fe729b6635,Marketer,70266.99,Financial,Account lose nation recent.,2772,3.9,Painting produce detail manager finish answer base.,2021-03-01,113
75,45ffc3b9-0eb3-486b-a94b-a34d1e13c5e1,Two-wheeler,5751.55,2085.08,Venture Capital,196531.94,3b4faa0e-8caf-44a0-b5e4-caa8eed8d33c,Designer,39963.02,Financial,Remember bag bit administration ok investment room.,3188,1.7,Condition or green enter quite close yard.,2020-01-11,449
76,d3005399-881c-42ec-b3d7-a727e86f5119,Four-wheeler,15587.39,6839.45,Angel Investor,190071.37,0d5c99c3-ac30-401b-919f-bd9cf0ecc4d2,Marketer,34562.12,Financial,State professional suddenly science serve service knowledge.,3328,1.8,Culture bed pattern.,2024-09-13,999
77,953d76c5-6d22-474f-a3f0-4f3302876f06,Four-wheeler,9466.76,6117.54,Venture Capital,62332.25,72ba967f-0a8c-4303-9979-62e3363dfb4e,Engineer,55402.62,Financial,Report clearly class clear worker probably recently can.,3191,2.6,Air reduce relationship hundred section so.,2022-09-17,738
78,5abd4a54-8d94-4feb-af04-bdb599848d34,Four-wheeler,6865.31,9779.08,Venture Capital,176902.07,b7ca78a8-fbce-4912-85f1-f3c78664b4b3,Engineer,79834.98,Technical,Short wrong white structure size rule arrive.,4812,1.6,Lead far research they never method so they.,2020-11-12,441
79,41655f05-84d2-453a-82c3-3c45590f1ddd,Two-wheeler,7050.17,2317.85,Angel Investor,147747.28,e0b4e1af-b9f6-43cd-8b9d-0df5ba010d4e,Technician,55567.32,Technical,Center apply game visit.,653,4.5,Peace table lot behavior.,2024-11-23,510
80,22ad2953-944b-45ec-8bb2-b9d840944d20,Two-wheeler,6247.63,7659.4,Crowdfunding,104941.84,da02e45e-67a9-4f4b-842d-c6d3e97d06d2,Engineer,81720.0,Operational,Short soon behind contain property either.,890,3.4,Hold full near way.,2024-06-20,728
81,0f1000cd-f8c2-4ead-9655-548f683cf278,Four-wheeler,12661.75,6477.05,Angel Investor,52620.39,f4bb58f5-28e0-4e85-bbdd-b634e25b5bb6,Marketer,48437.63,Financial,Nation from over resource all leader.,2190,2.3,Hope matter unit law gas.,2023-02-04,211
82,9852d6dd-4b11-46e3-8324-2527688648ed,Two-wheeler,7644.68,6284.52,Venture Capital,145248.6,7908bc06-6056-445b-9c81-00218f3085b2,Technician,65032.73,Operational,Different central kitchen letter from.,988,4.9,Detail guy listen on company newspaper day.,2023-05-03,199
83,eca8041c-fb21-4261-af85-8e6af1401ca6,Two-wheeler,19183.82,2841.51,Venture Capital,110884.46,6c75f2df-816c-4e19-90d4-0d61da5f7c4f,Marketer,36223.77,Financial,Floor political indeed.,4945,1.2,Season he chance ask game issue edge see.,2021-09-16,337
84,bdeec390-c09d-4035-96c9-2c670b2fb407,Four-wheeler,18168.19,6068.0,Angel Investor,85908.74,3699d77c-b6a3-46ae-8b10-c93aaef9f366,Engineer,90671.03,Financial,Term usually type film section miss body executive.,3612,1.3,Follow section Congress support week.,2021-12-08,412
85,bbb71c81-79dd-49ca-a2c4-6bbfe5923ce8,Four-wheeler,8051.52,1096.65,Angel Investor,85002.54,cbed3663-4b15-452a-bd8c-20df0d8cae74,Designer,72391.35,Financial,Finish eight hot watch represent myself.,3657,3.3,Show remember fight reality quality place research forget.,2024-06-16,976
86,0317ad79-2b09-4c5e-95f5-384d581020af,Two-wheeler,11024.72,9533.62,Angel Investor,136549.38,9323e58d-53fc-4899-9cd2-b5bf015521a2,Designer,88069.09,Operational,Build wish bit control she.,687,4.6,Attack do begin soldier source strategy catch.,2021-02-05,197
87,7afb1fca-8066-4cb3-ba65-496f6beeeb05,Two-wheeler,14245.33,9359.84,Crowdfunding,138109.73,c231f6a3-ec49-464d-a5d5-a63c4ee86d23,Designer,78387.5,Technical,Director the edge process house provide professional.,3589,4.3,Finish door order sort.,2024-05-31,824
88,96958483-b502-4445-8fc5-94c1b4eea76d,Two-wheeler,7909.54,4540.03,Venture Capital,134100.08,d37f6bc0-1d70-4a24-8c59-0a196e183c0e,Marketer,36507.31,Financial,Share forget buy successful no peace put.,3770,3.8,Hot capital political song.,2022-01-20,881
89,16dc9cbe-eb73-4a81-b889-2c11324d3011,Four-wheeler,10300.77,6870.69,Venture Capital,60358.88,15661166-2f5a-4115-b994-767eb5d67a24,Designer,88180.56,Operational,Style can exactly culture move.,4262,1.0,Store whatever network into.,2024-09-03,377
90,99c01e99-c1e4-4d44-88bc-1d5ee4055611,Four-wheeler,13581.74,9055.89,Crowdfunding,108617.1,3bd0460a-5495-4441-a4d1-56c2b1d49094,Designer,97116.21,Technical,Yourself authority point that.,2903,4.9,Career conference of throughout respond democratic discover ask.,2024-07-23,668
91,569d5c7c-0752-46a9-abac-3622ddfedead,Two-wheeler,8751.83,8597.31,Venture Capital,51924.73,dbaf7b67-8cd7-4804-9ed5-c65cbb1b9486,Technician,76261.5,Financial,Indeed girl outside director feeling.,3515,3.9,Finally rule deep article according public station only.,2020-06-14,457
92,61c6089f-cafa-4274-bb66-d4aa549b9f1f,Four-wheeler,19750.49,3297.31,Venture Capital,81052.85,dc15e930-478d-4c64-aeea-b036f0bbb4d6,Engineer,87845.77,Financial,News something hear owner art single home.,766,1.7,Member everyone hospital less career.,2022-10-27,186
93,ea1c7516-f81a-4042-abc1-93e9143f6557,Four-wheeler,19524.79,1335.0,Venture Capital,54182.02,fd9d35d5-9c0c-4665-883f-f545fa02048b,Engineer,65240.95,Financial,When adult discover.,2150,1.9,Lawyer city pay within fact eight.,2020-01-02,146
94,3cdba39c-e7c6-4cf9-921b-cd7cf24a09ab,Four-wheeler,8233.56,3581.5,Angel Investor,74063.24,7e06ed6d-4e3b-47d5-8344-13787cc51649,Designer,81309.73,Financial,Music today none former expect expect idea.,3344,4.0,Forward center community team her better.,2021-10-17,264
95,c6578087-5dcb-46c9-bd3b-bb0954728cbb,Four-wheeler,18900.84,7385.33,Crowdfunding,111620.94,f0f2fa01-0590-4d87-a175-7f231d7846cb,Marketer,46931.36,Technical,About south else situation relationship hear charge.,2711,1.9,Rock leader ready throughout.,2022-07-19,917
96,153f7ca5-dc8e-411c-87a1-cb52eda7218f,Two-wheeler,13062.08,7192.93,Venture Capital,151298.56,7ef9ffbe-c55e-4ea8-9521-49d85c1ad518,Designer,31240.59,Operational,Test behind million budget least.,3431,1.3,History ok maybe child Congress how.,2023-05-18,858
97,60352373-56ae-495f-8895-36651dee968c,Four-wheeler,19678.76,6746.44,Angel Investor,77504.61,8fbc14d4-abbb-42bd-96d1-a82a435d995e,Engineer,61675.37,Financial,Foreign once Republican election maybe no travel.,3407,3.5,Significant piece several heart.,2020-03-01,838
98,78a6967b-065f-4fe1-80c2-448cac2c1922,Four-wheeler,7649.78,4649.16,Crowdfunding,135348.45,cb59587e-b0ab-4456-a244-e2a08d44a081,Technician,65101.33,Technical,Teacher speak including.,1668,1.4,Gun movement look within.,2024-02-03,320
99,cf3f8a60-7db7-45e9-b885-f989e9b01d85,Four-wheeler,16656.89,7856.54,Angel Investor,187933.58,499ab526-160f-4e7e-83c2-81696bd3ec2d,Marketer,97695.87,Financial,Push crime reach more order decision.,3168,1.8,Writer heavy modern give factor ask short.,2021-03-31,285
100,e90cc409-6fe1-4b06-9d9a-e8daa5df7e1e,Two-wheeler,17383.87,6892.52,Angel Investor,114452.58,00269057-fa09-46e0-a01e-eaeb0955806b,Technician,98217.33,Financial,Story cup physical increase business.,4337,4.4,Senior point radio safe give early.,2022-05-04,454
101,da2429ab-8116-410b-823d-b99083493b51,Four-wheeler,8052.97,4146.51,Angel Investor,61897.49,dc72ecc4-a7c4-46e1-90ab-9742674715b3,Engineer,98950.66,Financial,Scientist design example item.,4818,1.2,Sense discover whole mind.,2023-09-08,957
102,b8b7b0d4-6a6c-455f-8218-47044f92a413,Two-wheeler,17776.39,7730.09,Venture Capital,183624.47,b150bcce-3897-47bc-b2f0-43757b275bb9,Technician,56081.8,Technical,Hospital nature foreign cost these section.,2625,2.4,How beautiful economic sometimes food.,2021-01-13,131
103,1ee5383a-44dd-4dfe-9109-fd25f5948dcb,Four-wheeler,18741.28,7909.84,Crowdfunding,113511.28,c04074de-791d-4ddf-a731-7bb73513d56b,Technician,62360.57,Technical,He world commercial.,3519,3.4,Make either local certain.,2022-02-05,907
104,f3b230d0-3547-4f9a-a3b9-96e5cc8902f5,Two-wheeler,7088.75,9217.67,Crowdfunding,124039.62,2a257e21-fdb9-442c-be3d-2fa0da0fc72c,Engineer,59929.36,Financial,Leader mouth join eat will bill.,4400,1.5,Personal street enough movement dinner decide up city.,2021-03-21,555
105,a97d673e-6b0e-4e10-b599-60655c9c70e2,Two-wheeler,12884.44,1311.99,Angel Investor,58806.4,565b8881-b057-4309-af24-3900e574fa20,Marketer,59365.09,Financial,Clearly house art water.,3232,1.0,Beautiful big true fine clear.,2024-12-22,610
106,3f9d5542-1cd9-410c-9e90-65bb766eab99,Two-wheeler,17419.74,7635.22,Venture Capital,91827.85,88ea1a3f-2327-49fd-a00c-637977dfa23a,Technician,50685.24,Technical,Sign seem reflect local themselves friend.,1571,1.9,Reason democratic ever box deep police.,2021-08-08,592
107,a8081837-480d-4ec4-908b-0eeebf812354,Two-wheeler,8129.8,5573.05,Angel Investor,69731.05,e93cd466-3206-4d92-92b0-dfa4127c4aac,Marketer,64798.25,Operational,Nor success executive and course bag gun.,2391,2.6,Story head country south force.,2024-10-14,185
108,e1805a46-aaf9-47a7-8e92-ace946ff37c4,Two-wheeler,11006.51,4712.82,Venture Capital,146447.92,d9b15fa4-ab56-4e9c-9676-32e614f1db19,Marketer,54342.63,Financial,Politics lawyer we notice break tree stop expect.,2544,1.2,Indicate identify art red you us series.,2021-04-14,198
109,7d4093b3-088b-43f9-9c43-6c5f95d85edf,Two-wheeler,15491.44,6438.55,Crowdfunding,196641.61,323d0dc8-1e78-4199-b70f-52495f477a45,Designer,71798.93,Financial,Standard actually today message skin.,4704,4.2,Per move foreign executive however image wish.,2023-07-06,707
110,d4f83d45-c143-45e8-bf29-a7411d0064b6,Four-wheeler,14640.19,6373.38,Venture Capital,133053.47,21787f09-b2c1-4494-a8ad-3f6003060fc6,Engineer,32009.79,Operational,Kind every ability general couple produce another.,2315,4.5,Water new be.,2023-03-31,216
111,55791b17-e144-480d-a95a-d58b79f6b514,Four-wheeler,6087.04,3739.88,Angel Investor,89072.0,84c008d1-de69-44ba-adb8-985d2d69a924,Designer,66258.01,Operational,Any career run involve research.,662,2.6,Person effort difficult beyond image stuff despite.,2021-05-09,890
112,43fef33c-55a2-438f-9ad0-d3de4a46517d,Four-wheeler,8335.87,1154.01,Crowdfunding,64724.43,109126ff-b202-41a9-b37d-a3097504dcfa,Marketer,71826.63,Operational,Standard up trial.,2781,4.6,Friend open side sell.,2021-08-09,958
113,0237c011-e8b6-4893-9257-775ff33930a6,Two-wheeler,15410.36,7568.6,Angel Investor,71057.52,ff04cdb2-9524-4c58-bc4b-a8c9289ae50b,Designer,43188.94,Financial,Themselves successful toward nation tell discussion.,2733,1.8,Maybe or four teach group simple.,2024-05-10,467
114,befbe94f-e364-4f55-88c3-cc83e2ca7d60,Two-wheeler,9307.55,5196.58,Angel Investor,85855.58,4f9f4a9f-1218-4a9a-9333-15dde1a058f2,Technician,59040.95,Technical,Game garden wind.,2172,2.9,Far western mission special tell live.,2023-09-07,977
115,f06ebe51-8a49-44d7-955e-efc49779bdc7,Four-wheeler,6371.75,6561.36,Angel Investor,101476.88,0aff3a58-9149-418b-aeae-96e15f7538a5,Designer,82404.96,Operational,Friend watch heart start reach.,1956,1.3,You listen wear plan.,2021-04-08,404
116,4c6704f3-14b3-4672-9f3c-fe6da5e29b62,Two-wheeler,11203.85,2432.18,Venture Capital,54404.11,bc727d47-9292-4926-b2f4-a0d8ff5a4be3,Marketer,60469.75,Technical,Body contain per.,1078,2.9,Pay they store condition born authority major.,2024-04-27,459
117,a6801543-cfc6-4781-921a-ebf6768eb3c6,Two-wheeler,7613.77,5178.18,Crowdfunding,159346.98,18665d24-cbc6-4304-9d4a-cf92c3418181,Engineer,47085.94,Operational,Fear specific hope father behind.,2833,1.3,Mission create deal my toward student soldier.,2023-10-26,295
118,57cede1b-a89c-4293-bf66-c7489a62a5c6,Four-wheeler,15817.7,5726.93,Venture Capital,119041.79,b41a3ce0-0393-486b-b22a-69ee60b40e2b,Technician,54121.58,Financial,Question exactly sure finally wear.,4563,3.3,Director successful determine themselves computer full.,2020-04-30,829
119,ed18b3bd-cbac-4268-8e48-6be92ce73436,Four-wheeler,16441.31,4839.43,Angel Investor,184473.56,2a434f5d-f541-4ba7-8aeb-ed52b064a2df,Designer,42130.66,Financial,Do material will evening view board front.,3310,3.0,He drug cold usually.,2021-09-03,372
120,86c816b1-cbbf-46a5-84d8-d25863237413,Two-wheeler,18303.61,5279.88,Crowdfunding,61746.96,9954f9b5-5063-4598-8da3-0cbb34c602c1,Marketer,65560.18,Technical,Star law quickly woman opportunity.,683,4.1,Sing building suffer small development training find.,2022-03-13,902
121,a0d7f5ae-ae03-45d4-ba6e-67fe3ec21841,Four-wheeler,15529.67,2010.87,Angel Investor,99299.45,ea27d983-39a9-40be-ba38-19c63624cfb4,Marketer,57248.38,Operational,Enter west book truth read continue.,2078,1.1,Beautiful teach care however boy chair sign.,2023-10-31,749
122,b6d6f6e7-3705-4b97-8a6b-d73e99285f3b,Two-wheeler,11430.64,8364.12,Venture Capital,115880.43,efcfbbaa-092c-4c57-a5ca-d2998aef7f77,Engineer,42664.98,Financial,Buy choose method man.,789,1.2,Age test open ready might.,2024-03-23,921
123,cfd650b1-5ef0-4216-8bed-0cb083ad4e98,Two-wheeler,12156.71,6869.37,Crowdfunding,104587.69,18de2e54-42f0-407f-96e8-7704af5ad0d7,Marketer,48681.62,Technical,That white poor return lose.,1268,4.9,Also itself worker join bring record capital.,2023-04-10,163
124,c2627d15-bf9b-4166-9b7a-8f08d29d87df,Four-wheeler,17241.89,7056.46,Venture Capital,68667.0,559b7140-5f37-4fe5-8f26-4d1f59380844,Designer,77759.33,Technical,As majority tax particular.,2538,4.7,Ahead war most all point up identify.,2023-04-01,798
125,36f9d12b-2047-4627-a4d2-713e567dd8fe,Four-wheeler,14473.28,9654.84,Venture Capital,182730.74,68cdb52a-be04-44dd-a35c-192a7e9d708a,Engineer,42107.16,Operational,College two office.,2619,3.3,Stuff lawyer data century.,2023-11-11,432
126,43644390-eb20-48b5-bcf1-02b9b1545af6,Four-wheeler,16471.9,2922.8,Venture Capital,139007.98,a14a97fc-1746-484b-87ca-d7cb3830d2c6,Marketer,81774.37,Technical,Pressure culture campaign ready apply him school but.,2708,3.6,Heavy close medical skill law policy.,2020-03-19,586
127,6bcd3f01-7603-4bec-be54-3b2518757dae,Two-wheeler,17616.81,3071.33,Angel Investor,55556.32,266164fe-5a6b-424b-bdc3-96913913cbab,Technician,73660.32,Operational,Tv kid military network land commercial always.,2915,4.4,Maybe watch left traditional drug travel.,2020-09-18,276
128,dc71730f-9e85-4308-8693-0543464ed9e2,Four-wheeler,7805.18,7065.94,Venture Capital,147773.72,ac0709a6-3fc7-43fe-a55e-d1cb47051146,Technician,38257.57,Technical,Its voice break player mention development let.,950,2.3,Country prepare message mission cause oil so.,2020-09-10,785
129,b6f944c9-9701-4728-a01b-b912641bb058,Four-wheeler,12778.28,6739.32,Crowdfunding,119972.37,e2abb575-17b2-468c-881c-f7431cae9fd0,Marketer,49291.01,Operational,Everything management truth staff what particular.,1605,4.6,Source important stand before lot source food say.,2023-12-23,709
130,c7834be3-1986-41a0-832d-22cc14c58409,Four-wheeler,8039.28,5474.95,Venture Capital,172930.12,1b58dbd7-7623-4e06-abb4-d282eaef25ad,Marketer,81337.55,Financial,Idea despite draw none.,4122,3.5,Sign office lead business skill relate once general.,2022-02-20,775
131,505a84bb-b599-479a-ac67-f34b76a0d455,Four-wheeler,16482.11,9642.93,Angel Investor,187884.97,3d28e51d-a4f5-4187-a661-20b486cfa644,Engineer,84909.97,Financial,Establish agent six poor shoulder person.,2018,3.6,Require television today particularly report leave.,2023-12-20,962
132,35d653a4-73c5-4732-9dc0-8b192d50d5b8,Four-wheeler,9627.15,1591.63,Angel Investor,71222.28,d779dff6-389e-4f75-81f7-e6d8762d399a,Designer,65840.94,Financial,Moment loss wide end likely.,1600,4.2,Daughter black value it card recognize sing knowledge.,2023-10-30,823
133,d916231e-da3b-4552-b157-4b1d5070763e,Four-wheeler,19585.43,3491.76,Angel Investor,114218.75,d9e33858-f352-403f-ace8-454f096f5cd1,Technician,88204.13,Financial,Shoulder soon history current.,1228,3.3,Thought fire occur sense television.,2023-07-09,651
134,7d6e30b4-2643-42d3-9f45-3658c009b563,Four-wheeler,18978.87,7125.5,Angel Investor,81639.31,38f960cb-c98b-4023-9621-0cb46fa6c239,Designer,93833.48,Operational,Market ball choice again stay expert indicate.,3120,2.2,Key job sell answer sure drug thank certainly.,2023-01-29,933
135,0ce14a91-b25a-4c92-95c7-826dd780ad60,Four-wheeler,18020.05,2088.37,Crowdfunding,79240.62,167f64e1-670b-41f7-b575-3798e012306f,Designer,86128.16,Technical,Key receive present great follow behavior arrive.,3805,4.4,Church easy low would hear ready age.,2020-01-02,133
136,9a9fe46d-16c6-49e3-bb4a-ce13af711e4e,Four-wheeler,6401.44,7321.48,Crowdfunding,115626.71,aee828d8-dfa3-42c0-818c-9899112a30a2,Designer,93527.99,Financial,Always man various great shake.,4797,1.9,Increase yet trial.,2024-12-19,584
137,604633e3-8a3c-4b83-845a-77cac19c245e,Two-wheeler,11719.9,1999.95,Venture Capital,130445.0,63703145-6468-409e-823a-16a982a4ce7b,Engineer,58142.51,Technical,If door identify.,773,2.1,Make former prove.,2021-06-14,872
138,7d9df589-4ad7-4341-8c90-2100fce2018d,Four-wheeler,18121.57,7774.93,Venture Capital,171139.75,1f6742d6-9afa-45c8-97a2-418d8ef9cf2b,Marketer,39073.65,Financial,System learn use success.,3195,2.7,Remember likely fish bag.,2022-01-14,201
139,82331f0a-57d8-46b3-81a1-a401a7e46f05,Four-wheeler,13895.08,6568.82,Venture Capital,75576.32,414c2cf6-1eab-4ff4-bc66-49fadeb40b2d,Technician,88403.46,Operational,Sort see high read.,1833,3.7,Management box official assume level minute.,2022-03-05,553
140,3fe870b8-5c21-4f13-9abe-39e09066ff5b,Two-wheeler,8894.62,5060.75,Venture Capital,114255.96,8560aa5d-0094-4995-86f4-7f720753a6fb,Engineer,57173.62,Technical,Morning throw Congress.,571,1.9,Behind fill bring bed statement story until.,2020-03-23,967
141,aef7d247-d5c7-4f3a-ad40-027b446903e1,Four-wheeler,12580.87,8336.43,Angel Investor,118874.32,ce3e1b8c-7738-4d77-a48e-4b5799f75780,Engineer,40809.95,Technical,My indeed involve significant.,2885,4.1,Single which here strategy dream.,2021-05-04,330
142,89b10d23-9c8a-4e82-822a-8cf132afdd7e,Two-wheeler,14155.69,7682.69,Crowdfunding,70300.43,bfb54138-05cb-4820-8c40-963b8641d1f3,Designer,69926.62,Operational,Buy quite fear allow.,1072,1.7,Fast civil hour idea close.,2022-02-12,483
143,f27182a4-f711-41a8-af44-565cfca04cac,Four-wheeler,8109.02,9190.11,Angel Investor,191434.2,7428cb2a-8b53-4288-83d7-4be1d2bb82b4,Designer,92812.32,Operational,Happy main create us.,3265,2.8,Small movement key simply.,2022-05-07,503
144,ccb59cb5-16af-450c-ad57-409013ed17f4,Two-wheeler,6002.73,5249.8,Venture Capital,176321.63,51ae2571-9c6b-40b8-8f77-96d748f7a2e2,Technician,48013.42,Operational,Control manager else.,1523,4.7,Top perform bill financial soon say.,2021-05-30,899
145,41fe707a-a5c1-441a-9360-924c99a7e040,Four-wheeler,16626.85,6487.8,Crowdfunding,173169.99,6271f5f2-c6c8-49b9-ac16-439dadf0028c,Marketer,98045.57,Technical,Goal just newspaper north per produce market third.,1589,4.8,Popular sound else out network.,2022-01-07,957
146,cfe27850-17bc-420e-9cd1-ca9ff38499a9,Two-wheeler,19850.5,5356.41,Angel Investor,129070.36,9aacca15-d04e-4d13-9b63-3afde435dd10,Marketer,70591.12,Technical,Vote matter network administration attention.,626,3.6,Writer avoid debate subject up forward.,2021-07-15,645
147,3d619e33-db38-4cbb-830b-4ce549c7b98a,Two-wheeler,12751.56,7934.16,Venture Capital,54968.81,ad160554-c247-41d0-bf90-690900fddc13,Designer,56994.0,Financial,Build thing identify well practice anyone six.,4311,2.2,Spend concern since player chance.,2023-11-02,347
148,26a9f2ca-43a1-4eea-95ac-98baeac448b5,Four-wheeler,9118.92,8734.12,Venture Capital,105412.82,c649c0a8-3bde-4ad0-9139-940345b1f63e,Engineer,60812.83,Operational,Light beautiful law future walk mention.,2947,2.4,Woman during moment condition over business.,2021-09-22,401
149,b7c6c9fb-567f-4946-aaa6-b1f7d39959b3,Four-wheeler,15911.45,8863.94,Crowdfunding,162235.68,0b36eefe-e881-4fed-a7eb-1c8513dc6c49,Technician,77642.1,Technical,Yes heavy scene require.,2831,5.0,Budget perform several happen indicate full cost.,2022-01-31,358
150,9f405ab8-93a2-4a46-aa0a-e1c52af3adf8,Two-wheeler,14676.7,9497.52,Venture Capital,134029.95,f39f2e7f-b320-4e50-969b-bbd2f29e3674,Engineer,54795.96,Technical,Response notice technology material value score.,3866,1.1,Ball however service.,2020-01-23,679
151,23a49432-ce73-4300-bce9-33e139d0d955,Four-wheeler,18371.38,5715.11,Crowdfunding,134000.31,50ca9c8f-0250-4acc-9e01-ec7b9dcccf01,Marketer,82637.86,Operational,Value per song or school.,4909,3.3,Enter news field believe night like sea.,2024-01-24,838
152,b6b4660e-ed6f-4683-93da-a5ae26880d9d,Four-wheeler,12267.28,8577.07,Crowdfunding,197708.87,335c5371-b0cf-4b14-9963-3577a9735efd,Engineer,68237.02,Operational,Safe exactly program.,2231,2.3,Although watch radio.,2020-02-27,940
153,a80fa904-fa2d-482a-89e5-0407a0fdb14d,Two-wheeler,15532.89,2589.43,Angel Investor,108130.8,9f4c7767-bd3e-48a4-b8fc-94d622f44bc9,Engineer,37714.24,Technical,Ten plant of I.,4141,3.3,Run alone television model.,2021-07-09,439
154,fbb7cb25-a6be-4ca6-abc4-304623aaedd6,Two-wheeler,8796.89,5178.22,Angel Investor,131019.32,0069f6b9-4074-42a1-b07e-bcffda7d289a,Designer,70861.89,Technical,Action such PM better cost require season.,1688,3.9,Wear morning about certainly instead usually.,2022-06-15,255
155,623a301c-932e-40ea-bd0c-c017df2a7663,Four-wheeler,6525.22,2125.14,Venture Capital,153755.43,b318b0d6-a2a1-452c-a815-895898908062,Marketer,75395.2,Technical,Detail management you player win value.,2035,2.0,Choice stay among girl up road.,2021-06-26,379
156,d296be09-dee9-4d28-85ea-b16853184208,Four-wheeler,12836.05,7260.9,Crowdfunding,77617.13,fb2883b8-f128-4bd9-a340-446e78903a50,Marketer,70331.83,Operational,Class team defense significant political arrive speech.,4593,2.3,Any after many age rich lose anyone stock.,2023-11-27,681
157,f0eff78a-464a-469a-b891-04dc25aa1cbd,Two-wheeler,10149.32,8312.07,Crowdfunding,128403.06,fa27340e-370c-4a72-95a5-ef781bc2988d,Designer,69037.39,Technical,Move property commercial let none never civil.,1060,1.4,Character important poor simply food president.,2021-12-26,585
158,574b8fcf-7713-49ff-8ecc-ac9b9876eb6e,Two-wheeler,9651.84,9716.97,Angel Investor,158147.87,237fcfb7-ea28-47f5-b853-52ac0fcb4891,Engineer,88842.5,Financial,Stop involve toward wait senior any.,1848,4.3,Cup shake specific state nice significant.,2022-10-11,507
159,f8853629-c7ad-4868-9f32-0698ebc8cbec,Four-wheeler,16618.09,5034.56,Angel Investor,154533.82,18edcd2f-0d4c-4aa3-a06a-a6d70f4cff56,Engineer,38737.76,Technical,Debate it hard.,1141,2.5,Partner beyond film ten sport blood.,2023-11-11,193
160,b69fb225-1404-4f13-9a0e-a4e408f232c2,Two-wheeler,18993.31,1481.43,Venture Capital,149351.91,da5795b5-f705-43c1-89dc-593db0605c20,Engineer,80954.52,Technical,Town computer card behavior service power.,1211,1.9,Property hot friend business sound.,2024-07-10,301
161,562ec96c-a70c-4839-8f32-ba549799ed5b,Four-wheeler,16648.83,2059.35,Angel Investor,156394.7,931d36b7-8c97-40e2-8183-4a0e459f2aa0,Technician,53169.89,Operational,Technology himself law series begin stop.,4084,3.4,Strong I movie age politics wonder resource.,2024-12-28,204
162,2762b03b-869a-4381-a5a4-960b064d6081,Four-wheeler,10619.17,3916.96,Crowdfunding,116833.51,47f1cde3-21e5-45e6-ab60-b704c13f76fd,Designer,49182.64,Technical,Need eye while away tend.,3975,3.0,Firm agreement care pull century time skill.,2023-09-02,896
163,954a243a-ce0d-4ab7-aeb7-7450b3c5f2eb,Two-wheeler,14328.01,2542.77,Crowdfunding,166711.11,a52a9e4b-f952-4d59-82ac-d2c9dcc164fa,Technician,79536.41,Technical,Anyone girl product yeah yard.,1644,2.7,Some song eat apply.,2023-09-01,562
164,5d4dfdeb-4643-4ca4-84ba-5ab4e30b338e,Four-wheeler,8530.59,8387.0,Angel Investor,136045.3,b4382983-b900-4446-8667-34f6f72ed7e7,Technician,57710.59,Technical,Indeed place language I economic.,877,4.6,Toward old wrong line control.,2021-10-18,980
165,66d62601-e5f4-4ec3-9d30-83efa46a6f89,Four-wheeler,16042.84,3257.93,Angel Investor,81485.44,5573df46-6faf-4da4-bf48-9252b74c0ae2,Marketer,66874.38,Operational,Mr kind pull key.,4645,3.9,Lay job moment book its value half necessary.,2020-10-12,883
166,cfae39a3-c03e-4f39-982e-93587eea25ab,Two-wheeler,19090.0,3880.72,Angel Investor,118316.66,8f1531a8-a5bb-40d5-9a7f-bb88319044dd,Marketer,57948.12,Operational,Already so democratic box wrong cover three.,4678,3.6,Least cause bring.,2022-10-31,423
167,f3846d32-c5aa-47de-86d6-bd9d45988506,Two-wheeler,5702.91,3081.56,Crowdfunding,181425.9,250d5e73-ab01-46a8-8660-6f30632c5dbc,Engineer,46369.27,Operational,Mrs treatment around.,2721,3.0,Any real bar ago require cup.,2021-03-10,107
168,4753ed90-29e5-4e9b-aadd-3430310bdbe0,Four-wheeler,13307.41,4705.97,Crowdfunding,105245.08,53e63c10-d7f3-47b6-8237-50f5577b6549,Engineer,56353.61,Financial,Finally water gas maintain time.,2021,1.1,Laugh nice visit sometimes.,2024-07-15,802
169,b3f3a626-7eca-4253-a0c9-1aabc424c64a,Two-wheeler,19086.46,9578.26,Venture Capital,139965.86,0b1e3564-c5bd-4c96-a816-065a38a65e7f,Designer,34492.21,Financial,Guy hear end would.,4068,2.2,Church also party painting if.,2021-09-03,322
170,5c830024-b0fc-4148-a242-bbb12253785c,Four-wheeler,11921.41,3139.92,Angel Investor,134408.41,74f59907-8b78-44fb-8fd3-8c4cd82655b6,Engineer,61207.21,Financial,Red speak pick type suggest cut.,1391,3.3,Drug million hand.,2023-04-03,259
171,e400fc20-a9ee-42c8-9edb-017647f11395,Four-wheeler,8249.05,2963.2,Venture Capital,187645.1,b50bae4c-e7a3-4279-b11f-50c248d2ef20,Marketer,66669.91,Financial,Go level word without job generation tree.,934,1.9,Wrong glass wrong inside big.,2024-06-30,277
172,1f5b20f9-8b9c-4ac7-8640-8398951b8d46,Two-wheeler,17574.68,6592.57,Venture Capital,73784.18,c2dc8add-6c15-4641-9e8c-c58ea604813d,Technician,31105.25,Financial,Action may resource brother land same.,2029,4.5,Indicate southern police far live rise question.,2021-01-20,218
173,8a1b9524-8a86-48bb-810a-e9d8e148da95,Four-wheeler,6129.68,6047.67,Venture Capital,116213.2,e99af17e-f29c-4179-8908-ade25788f849,Designer,72562.38,Financial,Product fish material light sound along Democrat.,3921,4.4,Station begin girl mind.,2020-11-02,238
174,8aa388bc-6944-4755-b7af-0b8567bb116f,Two-wheeler,12728.72,1397.99,Angel Investor,64858.0,5c58cafd-298b-4c92-b57b-3e9823a5d640,Engineer,64636.31,Operational,And run light somebody thought hundred radio.,626,2.6,Blue individual recently according.,2023-04-14,360
175,6ac191d5-8a4b-4b46-960b-6a3b774e8beb,Four-wheeler,10560.35,9273.02,Venture Capital,171460.73,40328380-d99b-4e40-be78-2e6c5c963e50,Technician,45518.91,Financial,Ten on them science.,1212,3.1,However skill green fact.,2020-06-25,349
176,1557d3e1-7deb-4e55-a7f4-a12ff92d5d2d,Four-wheeler,19292.84,8994.07,Crowdfunding,100710.34,9651fb89-ec84-437a-9240-bbf07c02ffe7,Technician,59820.16,Operational,Thousand sound head have leader morning discuss.,2445,2.7,Decade though claim Democrat.,2020-11-09,643
177,73cb886a-fef4-46dc-be2b-fe3befcc6fb8,Four-wheeler,8038.81,6849.11,Venture Capital,145513.66,fcaa5728-8f67-48c9-8fcc-115fa7e4134b,Designer,80559.92,Technical,Piece eat relate though nation word authority.,840,3.9,Speak it carry than free out.,2021-06-17,502
178,34a40575-1072-4a74-9ac6-33b8d52d6672,Four-wheeler,10924.51,5189.77,Angel Investor,138229.21,705c1f2c-bd88-4def-9be1-b7995076d1a2,Marketer,46898.78,Technical,Clearly a result claim vote child analysis.,4146,2.0,Enjoy could growth hold realize kid.,2021-11-01,671
179,8d01989d-ce11-4ef2-ab7a-330bbfe76317,Four-wheeler,11028.04,8656.62,Crowdfunding,141488.81,ca44def5-7be9-4b83-954e-ad6a9d62c520,Engineer,67038.68,Operational,Message my let wear media minute day.,930,4.6,Support note continue.,2023-12-23,593
180,f692c6d5-c417-4dbe-9add-ca2b211a6670,Two-wheeler,7069.28,4225.82,Venture Capital,90879.65,6b709e4e-48b7-4b13-bf2b-c5066b8e7f10,Technician,89619.49,Technical,Job head arm.,690,1.8,Buy speech middle almost discuss dark list.,2022-08-14,735
181,5448bfa1-750a-4550-8464-65d7fb32eb64,Four-wheeler,13536.22,2034.24,Crowdfunding,177010.44,c4391c09-579f-4227-9c0f-4dd7b65e64e9,Designer,70056.05,Operational,Answer recognize subject middle member give second activity.,846,4.4,Major mind government big.,2023-08-31,331
182,2783f2b1-2438-4c73-b4e7-8f7178f2822b,Two-wheeler,5714.74,5346.89,Venture Capital,114223.45,b9eca182-587a-46de-b27c-3f1a1bb47316,Marketer,60287.12,Financial,Past question trouble take hold walk.,1573,3.1,Both mission pass unit.,2021-08-22,763
183,1fab2f44-959f-47e9-984c-9dc0d4682112,Two-wheeler,8520.78,5643.17,Venture Capital,158038.74,ab13f4cd-42a2-4b09-925a-ba60637c5a8e,Engineer,32442.41,Operational,Tv decision like baby.,4829,1.8,Raise man such themselves space.,2020-03-26,504
184,9bc13b07-d080-4db2-b109-7a962aa0ab9f,Four-wheeler,14530.45,9223.5,Venture Capital,75824.21,bd594775-5713-4471-baa0-9514735261d3,Designer,88298.15,Operational,Minute story eye focus all strategy thing.,3103,3.8,Would explain serve standard.,2023-10-08,397
185,e2f56b54-efc9-4023-8196-452dbb887723,Four-wheeler,9586.85,9570.6,Crowdfunding,104781.92,b3bb102f-0885-47d9-920a-ef317aa1c792,Technician,46325.73,Operational,Mother style until home.,2001,3.8,May seven one population able.,2021-04-12,133
186,b24c620e-3b8b-45e2-a535-0bf4afb55e46,Four-wheeler,10364.36,3287.9,Crowdfunding,160753.7,88013289-6146-4871-866e-00f41753333d,Engineer,56746.12,Technical,Research stay sell middle generation remain scientist.,3810,4.7,American reach theory specific.,2020-05-08,721
187,1def7043-e4c5-463e-8cdf-62a102a5faca,Two-wheeler,7935.77,4768.81,Angel Investor,116927.79,faffea9f-c9f0-45f9-af73-986d007904cf,Engineer,46023.56,Operational,Its today space marriage develop.,2998,4.3,Level available bank who within early imagine.,2022-03-24,289
188,a4ef3fdb-9342-4810-b00c-9eaaf9eb060e,Four-wheeler,17783.9,3257.69,Crowdfunding,77560.6,b05c2c45-b011-4eb8-ab53-7da11bfd75b2,Designer,51937.78,Financial,Head could fill main human fly among like.,874,3.4,Care goal condition peace.,2023-09-23,691
189,416dba49-c953-4357-bba7-d95d78176f33,Four-wheeler,17390.9,9201.48,Venture Capital,62117.35,f19b3d27-fc5a-48e8-8eef-898925f135bc,Designer,65763.76,Operational,Right huge those every quality.,2271,1.8,Serve indicate who letter.,2021-11-24,159
190,a1c885e4-5efb-48d6-8030-b5b8ed8c6927,Four-wheeler,15164.58,5822.32,Crowdfunding,65888.18,98c2afc8-6e2e-4e3c-8280-f86e997b28ca,Engineer,52471.31,Financial,International PM development walk people actually.,1223,1.1,Including identify already south moment billion.,2020-09-18,818
191,faee46b3-44c8-4121-b64d-8247c18d79e8,Two-wheeler,17478.94,9664.36,Crowdfunding,65529.16,dc5383b8-54c4-44fc-9d34-c4480131f7c0,Marketer,86366.12,Technical,Enough to spring identify go probably.,4468,2.6,Dinner mention reveal break realize cup without garden.,2020-07-17,301
192,5c71cf05-bc65-45ed-821a-c24e45d87e33,Four-wheeler,16986.88,7753.56,Crowdfunding,161677.04,5a67346d-54cc-4e38-a43c-65c619fb86f7,Marketer,55394.49,Financial,Travel money full.,2172,2.2,Four TV concern follow.,2022-08-20,194
193,21a62fb5-a299-4b44-a4ad-42703456518f,Two-wheeler,19533.01,5713.31,Venture Capital,191751.91,2a83e156-9aae-417f-85f8-cbab1bd18c5f,Marketer,75871.02,Technical,Movie rich three official front.,1678,2.1,Economic smile oil somebody player we.,2020-07-19,904
194,926ce8e2-d62d-48f5-83df-b1b787809012,Two-wheeler,19383.78,5025.29,Crowdfunding,160678.24,9b2a1afc-f5eb-4314-a66b-580706350f74,Technician,82951.53,Operational,Add choice that day grow particularly.,1554,2.7,Direction herself somebody year owner.,2022-09-07,473
195,7400b8cb-0bf9-4419-b5b2-6fd093a0918c,Four-wheeler,18854.02,7532.73,Venture Capital,193343.33,47ce02a3-2b32-4bb8-bfc7-b18105fffaaa,Technician,63699.43,Financial,Detail beat mouth some most.,4348,3.9,Culture medical research college special.,2021-09-23,716
196,1d4e1ffc-14d5-4c7d-8ceb-29b363cacecb,Four-wheeler,9992.53,8489.62,Venture Capital,195815.85,c6be8feb-cbb8-4646-b58e-0820fc647352,Designer,76033.35,Operational,In site reach cultural determine fire.,2721,2.5,Seven TV hotel.,2024-10-17,249
197,1e9e37c4-7b70-415f-8c62-f894eb8c5813,Four-wheeler,7780.05,8972.28,Angel Investor,159529.21,5536e043-02c6-4860-b71d-01800d2a8577,Marketer,33473.06,Financial,Send Democrat to.,1131,3.9,Professor alone water plant growth figure another.,2020-01-08,712
198,f8583a57-b141-49e5-96da-05d3ee494093,Four-wheeler,11738.29,6305.16,Crowdfunding,192238.88,7310c1cc-b171-42af-9125-805a0a187c33,Marketer,64605.78,Financial,Air act career we.,1825,1.5,Religious decision production analysis two.,2020-02-14,964
199,f085634a-8fd7-4c06-b007-805179a6f4a0,Two-wheeler,12130.97,3669.09,Angel Investor,135330.85,b9930d91-b35a-4b3b-ac6f-fc798b5b1c8a,Engineer,32069.77,Technical,Total together after might health set sure.,872,1.4,Message pattern safe control every weight remain.,2023-06-08,121
